﻿<?xml version="1.0" encoding="utf-8" ?>
<Advertisements>
  <Ad>
    <ImageUrl>job1.jpg</ImageUrl>
    <NavigateUrl>https://www.google.com</NavigateUrl>
    <AlternateText>Job pic</AlternateText>
    <Impressions>1</Impressions>
    <Keyword></Keyword>
    </Ad>

  <Ad>
    <ImageUrl>job2.jpg</ImageUrl>
    <NavigateUrl>http://www.google.com</NavigateUrl>
    <AlternateText>Job Pic</AlternateText>
    <Impressions>2</Impressions>
    <Keyword></Keyword>
  </Ad>


  <Ad>
    <ImageUrl>job3.jpg</ImageUrl>
    <NavigateUrl>http://www.google.com</NavigateUrl>
    <AlternateText>Job Pic</AlternateText>
    <Impressions>3</Impressions>
    <Keyword></Keyword>
  </Ad>
  
   <Ad>
    <ImageUrl>job4.jpg</ImageUrl>
    <NavigateUrl>http://www.google.com</NavigateUrl>
    <AlternateText>Job Pic</AlternateText>
    <Impressions>3</Impressions>
    <Keyword></Keyword>
  </Ad>
  
  <Ad>
    <ImageUrl>job5.jpg</ImageUrl>
    <NavigateUrl>http://www.google.com</NavigateUrl>
    <AlternateText>Job Pic</AlternateText>
    <Impressions>3</Impressions>
    <Keyword></Keyword>
  </Ad>
  
  <Ad>
    <ImageUrl>job6.jpg</ImageUrl>
    <NavigateUrl>http://www.google.com</NavigateUrl>
    <AlternateText>Job Pic</AlternateText>
    <Impressions>3</Impressions>
    <Keyword></Keyword>
  </Ad>
  
  <Ad>
    <ImageUrl>job1.jpg</ImageUrl>
    <NavigateUrl>https://www.google.com</NavigateUrl>
    <AlternateText>Job pic</AlternateText>
    <Impressions>1</Impressions>
    <Keyword></Keyword>
    </Ad>

</Advertisements>

